[
  {
    "id": "5fe780b9-6075-4678-8c8d-4bbdb421108f",
    "data": [
      {
        "text": "weiter mit ",
        "userDefined": false
      },
      {
        "text": "99",
        "alias": "position",
        "meta": "@sys.number",
        "userDefined": false
      }
    ],
    "isTemplate": false,
    "count": 0
  },
  {
    "id": "402dbf5a-0709-499c-897f-b1455462edc7",
    "data": [
      {
        "text": "Springe",
        "meta": "@sys.ignore",
        "userDefined": false
      },
      {
        "text": " zu ",
        "userDefined": false
      },
      {
        "text": "4",
        "alias": "position",
        "meta": "@sys.number",
        "userDefined": false
      }
    ],
    "isTemplate": false,
    "count": 0
  },
  {
    "id": "39a9a795-1a77-454e-83f1-0b5a164baa7f",
    "data": [
      {
        "text": "Position ",
        "userDefined": false
      },
      {
        "text": "2",
        "alias": "position",
        "meta": "@sys.number",
        "userDefined": true
      }
    ],
    "isTemplate": false,
    "count": 0
  },
  {
    "id": "d453232e-8fd1-4d32-a1ce-6a67d5dccc0c",
    "data": [
      {
        "text": "Gehe zu Nummer ",
        "userDefined": false
      },
      {
        "text": "1",
        "alias": "position",
        "meta": "@sys.number",
        "userDefined": true
      }
    ],
    "isTemplate": false,
    "count": 0
  },
  {
    "id": "b6a24943-fc79-4765-a295-c66ef79b14f8",
    "data": [
      {
        "text": "Auf Anfang",
        "userDefined": false
      }
    ],
    "isTemplate": false,
    "count": 0
  }
]