[
  {
    "id": "8280b6fb-7cdd-45e3-aff3-6f72d970eeda",
    "data": [
      {
        "text": "Zähle meine Hörbücher auf",
        "userDefined": false
      }
    ],
    "isTemplate": false,
    "count": 0
  },
  {
    "id": "ffa2cedb-d935-454d-a65a-0ca5b56b2e9d",
    "data": [
      {
        "text": "Nenne Hörbücher",
        "userDefined": false
      }
    ],
    "isTemplate": false,
    "count": 0
  },
  {
    "id": "4a611042-7a0e-4bfb-b3ba-0c388f44fedd",
    "data": [
      {
        "text": "Nenne Playlist",
        "userDefined": false
      }
    ],
    "isTemplate": false,
    "count": 0
  }
]