[
  {
    "id": "40606e67-be66-42d2-b137-7ba81f3efe2e",
    "data": [
      {
        "text": "Play ",
        "userDefined": false
      },
      {
        "text": "abc",
        "alias": "playlist",
        "meta": "@sys.any",
        "userDefined": true
      }
    ],
    "isTemplate": false,
    "count": 0
  },
  {
    "id": "2714bd04-6e14-48a4-9b55-0f70ba2f1adb",
    "data": [
      {
        "text": "Hörbuch ",
        "userDefined": false
      },
      {
        "text": "xyz",
        "alias": "playlist",
        "meta": "@sys.any",
        "userDefined": true
      }
    ],
    "isTemplate": false,
    "count": 0
  },
  {
    "id": "e804dc10-1a91-41fa-ad35-c37919fa6807",
    "data": [
      {
        "text": "Spiel ",
        "userDefined": false
      },
      {
        "text": "Playlist1",
        "alias": "playlist",
        "meta": "@sys.any",
        "userDefined": true
      }
    ],
    "isTemplate": false,
    "count": 0
  },
  {
    "id": "931c608f-e056-4b0b-ba93-aeb3aef1364e",
    "data": [
      {
        "text": "Spiele ",
        "userDefined": false
      },
      {
        "text": "Playlist",
        "alias": "playlist",
        "meta": "@sys.any",
        "userDefined": true
      }
    ],
    "isTemplate": false,
    "count": 0
  }
]