[
  {
    "id": "0a93cba8-92ae-4610-9a3c-58036568bb57",
    "data": [
      {
        "text": "vorwärts",
        "userDefined": false
      }
    ],
    "isTemplate": false,
    "count": 0
  },
  {
    "id": "c62dfc59-4697-4bf4-bf67-f18fdd9765e2",
    "data": [
      {
        "text": "nächster",
        "userDefined": false
      }
    ],
    "isTemplate": false,
    "count": 0
  },
  {
    "id": "9c838cde-1a6c-489d-a31f-824a29790e3a",
    "data": [
      {
        "text": "weiter",
        "meta": "@sys.ignore",
        "userDefined": true
      }
    ],
    "isTemplate": false,
    "count": 0
  }
]