[
  {
    "id": "e479db92-ca7e-401f-a56b-a8afa419bd1d",
    "data": [
      {
        "text": "nochmal",
        "userDefined": false
      }
    ],
    "isTemplate": false,
    "count": 0
  },
  {
    "id": "a6fc2297-5c76-4492-8be7-923836dd96c9",
    "data": [
      {
        "text": "rückwärts",
        "userDefined": false
      }
    ],
    "isTemplate": false,
    "count": 0
  },
  {
    "id": "683d4a84-bd8e-4266-afa0-8888c986fee9",
    "data": [
      {
        "text": "zurück",
        "userDefined": false
      }
    ],
    "isTemplate": false,
    "count": 0
  }
]